{"cameraMode":{"drawMode":0,"name":"Shaded","section":"Shading Mode"},"sceneLighting":true,"audioPlay":false,"sceneViewState":{"showFog":true,"showMaterialUpdate":false,"showSkybox":true,"showFlares":true,"showImageEffects":true,"showParticleSystems":true},"in2DMode":false,"pivot":{"x":853.82373046875,"y":698.457763671875,"z":-765.5706787109375},"rotation":{"x":-0.22332316637039185,"y":0.02689642831683159,"z":-0.006164662539958954,"w":-0.9743539094924927},"size":161.68511962890626,"orthographic":false}